ITU Codes,Country,ISO2,FlagURL
201,Albania,AL,https://flagsapi.com/AL/flat/64.png
202,Andorra,AD,https://flagsapi.com/AD/flat/64.png
203,Austria,AT,https://flagsapi.com/AT/flat/64.png
204,Azores (Portugal),PT,https://flagsapi.com/PT/flat/64.png
205,Belgium,BE,https://flagsapi.com/BE/flat/64.png
206,Belarus,BY,https://flagsapi.com/BY/flat/64.png
207,Bulgaria,BG,https://flagsapi.com/BG/flat/64.png
208,Vatican City,VA,https://flagsapi.com/VA/flat/64.png
209,Cyprus,CY,https://flagsapi.com/CY/flat/64.png
210,Cyprus,CY,https://flagsapi.com/CY/flat/64.png
211,Germany,DE,https://flagsapi.com/DE/flat/64.png
212,Cyprus,CY,https://flagsapi.com/CY/flat/64.png
213,Georgia,GE,https://flagsapi.com/GE/flat/64.png
214,Moldova,MD,https://flagsapi.com/MD/flat/64.png
215,Malta,MT,https://flagsapi.com/MT/flat/64.png
216,Armenia,AM,https://flagsapi.com/AM/flat/64.png
218,Germany,DE,https://flagsapi.com/DE/flat/64.png
219,Denmark,DK,https://flagsapi.com/DK/flat/64.png
220,Denmark,DK,https://flagsapi.com/DK/flat/64.png
224,Spain,ES,https://flagsapi.com/ES/flat/64.png
225,Spain,ES,https://flagsapi.com/ES/flat/64.png
226,France,FR,https://flagsapi.com/FR/flat/64.png
227,France,FR,https://flagsapi.com/FR/flat/64.png
228,France,FR,https://flagsapi.com/FR/flat/64.png
230,Finland,FI,https://flagsapi.com/FI/flat/64.png
231,Faroe Islands,FO,https://flagsapi.com/FO/flat/64.png
232,United Kingdom,GB,https://flagsapi.com/GB/flat/64.png
233,United Kingdom,GB,https://flagsapi.com/GB/flat/64.png
234,United Kingdom,GB,https://flagsapi.com/GB/flat/64.png
235,United Kingdom,GB,https://flagsapi.com/GB/flat/64.png
236,Gibraltar,GI,https://flagsapi.com/GI/flat/64.png
237,Greece,GR,https://flagsapi.com/GR/flat/64.png
238,Croatia,HR,https://flagsapi.com/HR/flat/64.png
239,Greece,GR,https://flagsapi.com/GR/flat/64.png
240,Greece,GR,https://flagsapi.com/GR/flat/64.png
241,Greece,GR,https://flagsapi.com/GR/flat/64.png
242,Morocco,MA,https://flagsapi.com/MA/flat/64.png
243,Hungary,HU,https://flagsapi.com/HU/flat/64.png
244,Netherlands,NL,https://flagsapi.com/NL/flat/64.png
245,Netherlands,NL,https://flagsapi.com/NL/flat/64.png
246,Netherlands,NL,https://flagsapi.com/NL/flat/64.png
247,Italy,IT,https://flagsapi.com/IT/flat/64.png
248,Malta,MT,https://flagsapi.com/MT/flat/64.png
249,Malta,MT,https://flagsapi.com/MT/flat/64.png
250,Ireland,IE,https://flagsapi.com/IE/flat/64.png
251,Iceland,IS,https://flagsapi.com/IS/flat/64.png
252,Liechtenstein,LI,https://flagsapi.com/LI/flat/64.png
253,Luxembourg,LU,https://flagsapi.com/LU/flat/64.png
254,Monaco,MC,https://flagsapi.com/MC/flat/64.png
255,Madeira (Portugal),PT,https://flagsapi.com/PT/flat/64.png
256,Malta,MT,https://flagsapi.com/MT/flat/64.png
257,Norway,NO,https://flagsapi.com/NO/flat/64.png
258,Norway,NO,https://flagsapi.com/NO/flat/64.png
259,Norway,NO,https://flagsapi.com/NO/flat/64.png
261,Poland,PL,https://flagsapi.com/PL/flat/64.png
262,Montenegro,ME,https://flagsapi.com/ME/flat/64.png
263,Portugal,PT,https://flagsapi.com/PT/flat/64.png
264,Romania,RO,https://flagsapi.com/RO/flat/64.png
265,Sweden,SE,https://flagsapi.com/SE/flat/64.png
266,Sweden,SE,https://flagsapi.com/SE/flat/64.png
267,Slovakia,SK,https://flagsapi.com/SK/flat/64.png
268,San Marino,SM,https://flagsapi.com/SM/flat/64.png
269,Switzerland,CH,https://flagsapi.com/CH/flat/64.png
270,Czech Republic,CZ,https://flagsapi.com/CZ/flat/64.png
271,Turkey,TR,https://flagsapi.com/TR/flat/64.png
272,Ukraine,UA,https://flagsapi.com/UA/flat/64.png
273,Russia,RU,https://flagsapi.com/RU/flat/64.png
274,North Macedonia,MK,https://flagsapi.com/MK/flat/64.png
275,Latvia,LV,https://flagsapi.com/LV/flat/64.png
276,Estonia,EE,https://flagsapi.com/EE/flat/64.png
277,Lithuania,LT,https://flagsapi.com/LT/flat/64.png
278,Slovenia,SI,https://flagsapi.com/SI/flat/64.png
279,Serbia,RS,https://flagsapi.com/RS/flat/64.png
301,Anguilla,AI,https://flagsapi.com/AI/flat/64.png
303,Alaska (USA),US,https://flagsapi.com/US/flat/64.png
304,Antigua and Barbuda,AG,https://flagsapi.com/AG/flat/64.png
305,Antigua and Barbuda,AG,https://flagsapi.com/AG/flat/64.png
306,Netherlands Antilles (former),CW,https://flagsapi.com/CW/flat/64.png
307,Aruba,AW,https://flagsapi.com/AW/flat/64.png
308,Bahamas,BS,https://flagsapi.com/BS/flat/64.png
309,Bahamas,BS,https://flagsapi.com/BS/flat/64.png
310,Bermuda,BM,https://flagsapi.com/BM/flat/64.png
311,Bahamas,BS,https://flagsapi.com/BS/flat/64.png
312,Belize,BZ,https://flagsapi.com/BZ/flat/64.png
314,Barbados,BB,https://flagsapi.com/BB/flat/64.png
316,Canada,CA,https://flagsapi.com/CA/flat/64.png
319,Cayman Islands,KY,https://flagsapi.com/KY/flat/64.png
321,Costa Rica,CR,https://flagsapi.com/CR/flat/64.png
323,Cuba,CU,https://flagsapi.com/CU/flat/64.png
325,Dominica,DM,https://flagsapi.com/DM/flat/64.png
327,Dominican Republic,DO,https://flagsapi.com/DO/flat/64.png
329,Guadeloupe,GP,https://flagsapi.com/GP/flat/64.png
330,Grenada,GD,https://flagsapi.com/GD/flat/64.png
331,Greenland,GL,https://flagsapi.com/GL/flat/64.png
332,Guatemala,GT,https://flagsapi.com/GT/flat/64.png
334,Honduras,HN,https://flagsapi.com/HN/flat/64.png
336,Haiti,HT,https://flagsapi.com/HT/flat/64.png
338,United States,US,https://flagsapi.com/US/flat/64.png
339,Jamaica,JM,https://flagsapi.com/JM/flat/64.png
341,Saint Kitts and Nevis,KN,https://flagsapi.com/KN/flat/64.png
343,Saint Lucia,LC,https://flagsapi.com/LC/flat/64.png
345,Mexico,MX,https://flagsapi.com/MX/flat/64.png
347,Martinique,MQ,https://flagsapi.com/MQ/flat/64.png
348,Montserrat,MS,https://flagsapi.com/MS/flat/64.png
350,Nicaragua,NI,https://flagsapi.com/NI/flat/64.png
351,Panama,PA,https://flagsapi.com/PA/flat/64.png
352,Panama,PA,https://flagsapi.com/PA/flat/64.png
353,Panama,PA,https://flagsapi.com/PA/flat/64.png
354,Panama,PA,https://flagsapi.com/PA/flat/64.png
358,Puerto Rico,PR,https://flagsapi.com/PR/flat/64.png
359,El Salvador,SV,https://flagsapi.com/SV/flat/64.png
361,Saint Pierre and Miquelon,PM,https://flagsapi.com/PM/flat/64.png
362,Trinidad and Tobago,TT,https://flagsapi.com/TT/flat/64.png
364,Turks and Caicos Islands,TC,https://flagsapi.com/TC/flat/64.png
366,United States,US,https://flagsapi.com/US/flat/64.png
367,United States,US,https://flagsapi.com/US/flat/64.png
368,United States,US,https://flagsapi.com/US/flat/64.png
369,United States,US,https://flagsapi.com/US/flat/64.png
370,Panama,PA,https://flagsapi.com/PA/flat/64.png
371,Panama,PA,https://flagsapi.com/PA/flat/64.png
372,Panama,PA,https://flagsapi.com/PA/flat/64.png
375,Saint Vincent and the Grenadines,VC,https://flagsapi.com/VC/flat/64.png
376,Saint Vincent and the Grenadines,VC,https://flagsapi.com/VC/flat/64.png
377,Saint Vincent and the Grenadines,VC,https://flagsapi.com/VC/flat/64.png
378,British Virgin Islands,VG,https://flagsapi.com/VG/flat/64.png
379,U.S. Virgin Islands,VI,https://flagsapi.com/VI/flat/64.png
401,Afghanistan,AF,https://flagsapi.com/AF/flat/64.png
403,Saudi Arabia,SA,https://flagsapi.com/SA/flat/64.png
405,Bangladesh,BD,https://flagsapi.com/BD/flat/64.png
408,Bahrain,BH,https://flagsapi.com/BH/flat/64.png
410,Bhutan,BT,https://flagsapi.com/BT/flat/64.png
412,China,CN,https://flagsapi.com/CN/flat/64.png
413,China,CN,https://flagsapi.com/CN/flat/64.png
414,China,CN,https://flagsapi.com/CN/flat/64.png
416,Taiwan,TW,https://flagsapi.com/TW/flat/64.png
417,Sri Lanka,LK,https://flagsapi.com/LK/flat/64.png
419,India,IN,https://flagsapi.com/IN/flat/64.png
422,Iran,IR,https://flagsapi.com/IR/flat/64.png
423,Azerbaijan,AZ,https://flagsapi.com/AZ/flat/64.png
425,Iraq,IQ,https://flagsapi.com/IQ/flat/64.png
428,Israel,IL,https://flagsapi.com/IL/flat/64.png
431,Japan,JP,https://flagsapi.com/JP/flat/64.png
432,Japan,JP,https://flagsapi.com/JP/flat/64.png
434,Turkmenistan,TM,https://flagsapi.com/TM/flat/64.png
436,Kazakhstan,KZ,https://flagsapi.com/KZ/flat/64.png
437,Uzbekistan,UZ,https://flagsapi.com/UZ/flat/64.png
438,Jordan,JO,https://flagsapi.com/JO/flat/64.png
440,South Korea,KR,https://flagsapi.com/KR/flat/64.png
441,South Korea,KR,https://flagsapi.com/KR/flat/64.png
443,Palestine,PS,https://flagsapi.com/PS/flat/64.png
445,North Korea,KP,https://flagsapi.com/KP/flat/64.png
447,Kuwait,KW,https://flagsapi.com/KW/flat/64.png
450,Lebanon,LB,https://flagsapi.com/LB/flat/64.png
451,Kyrgyzstan,KG,https://flagsapi.com/KG/flat/64.png
453,Macau,MO,https://flagsapi.com/MO/flat/64.png
455,Maldives,MV,https://flagsapi.com/MV/flat/64.png
457,Mongolia,MN,https://flagsapi.com/MN/flat/64.png
459,Nepal,NP,https://flagsapi.com/NP/flat/64.png
461,Oman,OM,https://flagsapi.com/OM/flat/64.png
463,Pakistan,PK,https://flagsapi.com/PK/flat/64.png
466,Qatar,QA,https://flagsapi.com/QA/flat/64.png
468,Syria,SY,https://flagsapi.com/SY/flat/64.png
470,UAE,AE,https://flagsapi.com/AE/flat/64.png
473,Yemen,YE,https://flagsapi.com/YE/flat/64.png
474,Yemen,YE,https://flagsapi.com/YE/flat/64.png
475,Yemen,YE,https://flagsapi.com/YE/flat/64.png
477,Hong Kong,HK,https://flagsapi.com/HK/flat/64.png
478,Bosnia and Herzegovina,BA,https://flagsapi.com/BA/flat/64.png
501,Adelie Land (France),FR,https://flagsapi.com/FR/flat/64.png
503,Australia,AU,https://flagsapi.com/AU/flat/64.png
506,Myanmar,MM,https://flagsapi.com/MM/flat/64.png
508,Brunei,BN,https://flagsapi.com/BN/flat/64.png
510,Micronesia,FM,https://flagsapi.com/FM/flat/64.png
511,Palau,PW,https://flagsapi.com/PW/flat/64.png
512,New Zealand,NZ,https://flagsapi.com/NZ/flat/64.png
514,Cambodia,KH,https://flagsapi.com/KH/flat/64.png
515,Cambodia,KH,https://flagsapi.com/KH/flat/64.png
516,Christmas Island,CX,https://flagsapi.com/CX/flat/64.png
518,Cook Islands,CK,https://flagsapi.com/CK/flat/64.png
520,Fiji,FJ,https://flagsapi.com/FJ/flat/64.png
523,Cocos Islands,CC,https://flagsapi.com/CC/flat/64.png
525,Indonesia,ID,https://flagsapi.com/ID/flat/64.png
529,Kiribati,KI,https://flagsapi.com/KI/flat/64.png
531,Laos,LA,https://flagsapi.com/LA/flat/64.png
533,Malaysia,MY,https://flagsapi.com/MY/flat/64.png
536,Northern Mariana Islands,MP,https://flagsapi.com/MP/flat/64.png
538,Marshall Islands,MH,https://flagsapi.com/MH/flat/64.png
540,New Caledonia,NC,https://flagsapi.com/NC/flat/64.png
542,Niue,NU,https://flagsapi.com/NU/flat/64.png
544,Nauru,NR,https://flagsapi.com/NR/flat/64.png
546,French Polynesia,PF,https://flagsapi.com/PF/flat/64.png
548,Philippines,PH,https://flagsapi.com/PH/flat/64.png
553,Papua New Guinea,PG,https://flagsapi.com/PG/flat/64.png
555,Pitcairn Island,PN,https://flagsapi.com/PN/flat/64.png
557,Solomon Islands,SB,https://flagsapi.com/SB/flat/64.png
559,American Samoa,AS,https://flagsapi.com/AS/flat/64.png
561,Samoa,WS,https://flagsapi.com/WS/flat/64.png
563,Singapore,SG,https://flagsapi.com/SG/flat/64.png
564,Singapore,SG,https://flagsapi.com/SG/flat/64.png
565,Singapore,SG,https://flagsapi.com/SG/flat/64.png
567,Thailand,TH,https://flagsapi.com/TH/flat/64.png
570,Tonga,TO,https://flagsapi.com/TO/flat/64.png
572,Tuvalu,TV,https://flagsapi.com/TV/flat/64.png
574,Vietnam,VN,https://flagsapi.com/VN/flat/64.png
576,Vanuatu,VU,https://flagsapi.com/VU/flat/64.png
578,Wallis and Futuna,WF,https://flagsapi.com/WF/flat/64.png
601,South Africa,ZA,https://flagsapi.com/ZA/flat/64.png
603,Angola,AO,https://flagsapi.com/AO/flat/64.png
605,Algeria,DZ,https://flagsapi.com/DZ/flat/64.png
607,St Paul & Amsterdam Islands (FR),FR,https://flagsapi.com/FR/flat/64.png
608,Ascension Island,AC,https://flagsapi.com/AC/flat/64.png
609,Burundi,BI,https://flagsapi.com/BI/flat/64.png
610,Benin,BJ,https://flagsapi.com/BJ/flat/64.png
611,Botswana,BW,https://flagsapi.com/BW/flat/64.png
612,Central African Republic,CF,https://flagsapi.com/CF/flat/64.png
613,Cameroon,CM,https://flagsapi.com/CM/flat/64.png
615,Congo,CG,https://flagsapi.com/CG/flat/64.png
616,Comoros,KM,https://flagsapi.com/KM/flat/64.png
617,Cape Verde,CV,https://flagsapi.com/CV/flat/64.png
618,Crozet Islands (FR),FR,https://flagsapi.com/FR/flat/64.png
619,Côte d’Ivoire,CI,https://flagsapi.com/CI/flat/64.png
621,Djibouti,DJ,https://flagsapi.com/DJ/flat/64.png
622,Egypt,EG,https://flagsapi.com/EG/flat/64.png
624,Ethiopia,ET,https://flagsapi.com/ET/flat/64.png
625,Eritrea,ER,https://flagsapi.com/ER/flat/64.png
626,Gabon,GA,https://flagsapi.com/GA/flat/64.png
627,Ghana,GH,https://flagsapi.com/GH/flat/64.png
629,Gambia,GM,https://flagsapi.com/GM/flat/64.png
630,Guinea-Bissau,GW,https://flagsapi.com/GW/flat/64.png
631,Equatorial Guinea,GQ,https://flagsapi.com/GQ/flat/64.png
632,Guinea,GN,https://flagsapi.com/GN/flat/64.png
633,Burkina Faso,BF,https://flagsapi.com/BF/flat/64.png
634,Kenya,KE,https://flagsapi.com/KE/flat/64.png
635,Kerguelen Islands (FR),FR,https://flagsapi.com/FR/flat/64.png
636,Liberia,LR,https://flagsapi.com/LR/flat/64.png
637,Liberia,LR,https://flagsapi.com/LR/flat/64.png
642,Libya,LY,https://flagsapi.com/LY/flat/64.png
644,Lesotho,LS,https://flagsapi.com/LS/flat/64.png
645,Mauritius,MU,https://flagsapi.com/MU/flat/64.png
647,Madagascar,MG,https://flagsapi.com/MG/flat/64.png
649,Mali,ML,https://flagsapi.com/ML/flat/64.png
650,Mozambique,MZ,https://flagsapi.com/MZ/flat/64.png
654,Mauritania,MR,https://flagsapi.com/MR/flat/64.png
655,Malawi,MW,https://flagsapi.com/MW/flat/64.png
656,Niger,NE,https://flagsapi.com/NE/flat/64.png
657,Nigeria,NG,https://flagsapi.com/NG/flat/64.png
659,Namibia,NA,https://flagsapi.com/NA/flat/64.png
660,Reunion,RE,https://flagsapi.com/RE/flat/64.png
661,Rwanda,RW,https://flagsapi.com/RW/flat/64.png
662,Sudan,SD,https://flagsapi.com/SD/flat/64.png
663,Senegal,SN,https://flagsapi.com/SN/flat/64.png
664,Seychelles,SC,https://flagsapi.com/SC/flat/64.png
665,Saint Helena,SH,https://flagsapi.com/SH/flat/64.png
666,Somalia,SO,https://flagsapi.com/SO/flat/64.png
667,Sierra Leone,SL,https://flagsapi.com/SL/flat/64.png
668,São Tomé and Príncipe,ST,https://flagsapi.com/ST/flat/64.png
669,Eswatini,SZ,https://flagsapi.com/SZ/flat/64.png
670,Chad,TD,https://flagsapi.com/TD/flat/64.png
671,Togo,TG,https://flagsapi.com/TG/flat/64.png
672,Tunisia,TN,https://flagsapi.com/TN/flat/64.png
674,Tanzania,TZ,https://flagsapi.com/TZ/flat/64.png
675,Uganda,UG,https://flagsapi.com/UG/flat/64.png
676,DR Congo,CD,https://flagsapi.com/CD/flat/64.png
677,Tanzania,TZ,https://flagsapi.com/TZ/flat/64.png
678,Zambia,ZM,https://flagsapi.com/ZM/flat/64.png
679,Zimbabwe,ZW,https://flagsapi.com/ZW/flat/64.png
701,Argentina,AR,https://flagsapi.com/AR/flat/64.png
710,Brazil,BR,https://flagsapi.com/BR/flat/64.png
720,Bolivia,BO,https://flagsapi.com/BO/flat/64.png
725,Chile,CL,https://flagsapi.com/CL/flat/64.png
730,Colombia,CO,https://flagsapi.com/CO/flat/64.png
735,Ecuador,EC,https://flagsapi.com/EC/flat/64.png
740,Falkland Islands,FK,https://flagsapi.com/FK/flat/64.png
745,French Guiana,GF,https://flagsapi.com/GF/flat/64.png
750,Guyana,GY,https://flagsapi.com/GY/flat/64.png
755,Paraguay,PY,https://flagsapi.com/PY/flat/64.png
760,Peru,PE,https://flagsapi.com/PE/flat/64.png
765,Suriname,SR,https://flagsapi.com/SR/flat/64.png
770,Uruguay,UY,https://flagsapi.com/UY/flat/64.png
775,Venezuela,VE,https://flagsapi.com/VE/flat/64.png
